{"q":{"G0-0.S":{"escape":2.3738445408784163,"patrol":1.7855842158833004,"farm":2.7725049159722075},"GFs1.S":{"escape":4.326777560604585,"farm":4.847688290935173,"patrol":4.393858445427975},"GWs1.S":{"patrol":5.759292778862782,"escape":5.564588804042599},"GWs2.S":{"escape":5.707033735089178,"patrol":5.323933312079271,"farm":5.856182692800697},"GNs1.S":{"patrol":5.419451098628499},"GFs2.S":{"patrol":5.685666473223136,"farm":5.828748256743539},"G0-0..":{"patrol":1.9155761935553075,"escape":1.7108292569611534},"GFb2.S":{"patrol":5.112,"escape":4.89071579145,"farm":5.17281175736414},"GFs1..":{"escape":5.112,"patrol":5.43964732971414},"GWs1..":{"patrol":5.402255951757808,"escape":5.454181003395872},"G0-0B.":{"patrol":4.008093852886491,"escape":5.62671867},"GNs1B.":{"patrol":4.945422},"GNs1..":{"escape":5.328754209458999},"GFe2..":{"patrol":5.112,"escape":4.694376628620477},"GWs2..":{"patrol":5.1404862,"escape":5.112},"GWs2B.":{"patrol":4.299065168289638,"escape":4.734286652324999},"GNs2B.":{"patrol":-15.339667025860185,"escape":-13.66552078772422},"GNs2..":{"patrol":4.943802000000001,"escape":5.80212},"GWe2B.":{"patrol":4.3572,"escape":4.9444651941825},"GWe2..":{"patrol":5.112,"escape":5.727193530840751},"GWs1B.":{"patrol":5.89539153084075},"GFe2B.":{"patrol":5.112,"escape":4.817204595450001},"GFs2B.":{"patrol":5.112,"escape":4.7392011945},"GFb2B.":{"patrol":5.04810022845,"escape":5.617356322060639},"GWb2B.":{"escape":-11.6678444896125,"patrol":-11.4331899894466},"GNe2B.":{"escape":-2.6024999999999996,"patrol":-5.9621249999999995},"GNb2B.":{"patrol":-23.97868635592305,"escape":-23.798454536380056},"GNb2BS":{"patrol":-19.812359445621958,"escape":-18.896893465437596,"farm":-18.896893465437596},"GNe2BS":{"patrol":-9.520115015625,"escape":-8.81780625,"farm":-4.647488859586246},"GWe2.S":{"farm":4.389075,"patrol":5.8071825,"escape":5.863237650563173},"GNe2.S":{"patrol":5.0199936375,"escape":4.307113125000001},"GWe2BS":{"patrol":5.112,"escape":5.80212,"farm":5.026925245949999},"GFe2.S":{"patrol":5.106633702408686,"escape":4.64500903230717,"farm":4.9031783217890945},"GNs2.S":{"escape":5.856182692800697}},"meta":{"decisions":809,"eps":0.334}}