{"q":{"G0-0.S":{"escape":-16.3797923695276,"patrol":-19.481164052691128,"farm":-9.931851201044562},"GFs1.S":{"escape":2.769284265220019,"farm":3.489335486274097,"patrol":1.2915144558185974},"GWs1.S":{"patrol":5.500569752166141,"escape":5.564588804042599,"farm":5.410021088721176},"GWs2.S":{"escape":1.4517780008710879,"patrol":3.525089511891325,"farm":5.605923779886483},"GNs1.S":{"patrol":5.419451098628499},"GFs2.S":{"patrol":1.8267319143531102,"farm":1.815353127328454,"escape":5.157879632249344},"G0-0..":{"patrol":1.702831004176964,"escape":1.725753033969596},"GFb2.S":{"patrol":1.1531244579613986,"escape":0.5159036779583847,"farm":-3.2001435053044087},"GFs1..":{"escape":5.112,"patrol":5.43964732971414},"GWs1..":{"patrol":5.402255951757808,"escape":5.454181003395872},"G0-0B.":{"patrol":-0.34312022504648265,"escape":1.0327108694999998},"GNs1B.":{"patrol":4.945422},"GNs1..":{"escape":5.328754209458999},"GFe2..":{"patrol":4.847325753836024,"escape":4.652411855078294},"GWs2..":{"patrol":5.1404862,"escape":5.02385547045},"GWs2B.":{"patrol":4.299065168289638,"escape":4.607915671999116},"GNs2B.":{"patrol":-14.871562278323928,"escape":-8.992124419834239},"GNs2..":{"patrol":4.943802000000001,"escape":5.80212},"GWe2B.":{"patrol":-0.04638000000000009,"escape":4.619767645049863},"GWe2..":{"patrol":5.112,"escape":5.727193530840751},"GWs1B.":{"patrol":5.89539153084075},"GFe2B.":{"patrol":2.7386355739446695,"escape":4.667318154994395},"GFs2B.":{"patrol":5.112,"escape":4.7392011945},"GFb2B.":{"patrol":5.04810022845,"escape":5.617356322060639},"GWb2B.":{"escape":-15.367517643745032,"patrol":-17.918040381928556},"GNe2B.":{"escape":-8.69526768140625,"patrol":-8.73158915625},"GNb2B.":{"patrol":-24.945210189709844,"escape":-24.93554139965864},"GNb2BS":{"patrol":-24.765506107379842,"escape":-24.979336049587882,"farm":-24.96041436206536},"GNe2BS":{"patrol":-24.637305206111296,"escape":-24.647790792238972,"farm":-24.660304847804554},"GWe2.S":{"farm":-12.59881569719572,"patrol":-15.603180714563763,"escape":-8.96621100477713},"GNe2.S":{"patrol":-15.376277849468599,"escape":-15.364244634676465,"farm":-8.09806593246398},"GWe2BS":{"patrol":-9.822574745750652,"escape":-11.366227728003938,"farm":-9.054281214502243},"GFe2.S":{"patrol":-11.911148160767034,"escape":-9.86364518196592,"farm":-7.2881373243068115},"GNs2.S":{"escape":5.856182692800697,"patrol":1.3500000000000005,"farm":5.825487325107003},"GNs2BS":{"patrol":-8.330689688581298,"farm":-9.078160588694697,"escape":-10.084519131883779},"GWb2BS":{"patrol":-17.146283707633405,"escape":-16.380745425244413,"farm":-16.84124906085722},"GWs2BS":{"patrol":-2.6024999999999996,"farm":0.1174588481058958,"escape":-3.4090535998288836},"G0-0BS":{"escape":4.632687694506958,"patrol":4.723135996225606,"farm":5.112},"GWs1BS":{"escape":5.8071825},"GFe2BS":{"patrol":5.091269099025552},"GFs1B.":{"patrol":4.307113125000001},"GWb2.S":{"patrol":5.621105003810844,"escape":5.4795125205963435,"farm":4.848366539240377},"GNb2.S":{"farm":-24.98549795961129,"patrol":-24.98521462875149,"escape":-18.826717153452254}},"meta":{"decisions":2869,"eps":0.293}}