{"q":{"G0-0.S":{"escape":-2.2817403142588564,"patrol":-3.161335105566397,"farm":-0.5282707467362558},"GFs1.S":{"escape":1.1921259979162628,"farm":0.25530537508183876,"patrol":0.8399571056326155},"GWs1.S":{"patrol":1.9638712137645729,"escape":2.2160354677380814,"farm":0.6281108010959766},"GWs2.S":{"escape":0.383878333850755,"patrol":0.5040797604281027,"farm":1.2048135017995079},"GNs1.S":{"patrol":5.419451098628499,"escape":4.759957889373878,"farm":4.929441109737254},"GFs2.S":{"patrol":-1.1878646606850134,"farm":-6.12792692115526,"escape":-7.09514361779378},"G0-0..":{"patrol":1.508635845646245,"escape":1.4983224036680962},"GFb2.S":{"patrol":-11.678012785645356,"escape":-8.286143925482866,"farm":-9.812933143685774},"GFs1..":{"escape":5.112,"patrol":5.43964732971414},"GWs1..":{"patrol":5.402255951757808,"escape":5.454181003395872},"G0-0B.":{"patrol":-0.34312022504648265,"escape":1.0327108694999998},"GNs1B.":{"patrol":4.945422},"GNs1..":{"escape":5.328754209458999},"GFe2..":{"patrol":3.259017125652189,"escape":4.612743218932896},"GWs2..":{"patrol":5.1404862,"escape":5.02385547045},"GWs2B.":{"patrol":4.299065168289638,"escape":4.607915671999116},"GNs2B.":{"patrol":-14.871562278323928,"escape":-8.992124419834239},"GNs2..":{"patrol":4.943802000000001,"escape":5.80212},"GWe2B.":{"patrol":-0.04638000000000009,"escape":4.619767645049863},"GWe2..":{"patrol":5.112,"escape":5.727193530840751},"GWs1B.":{"patrol":5.89539153084075},"GFe2B.":{"patrol":2.7386355739446695,"escape":4.667318154994395},"GFs2B.":{"patrol":5.112,"escape":4.7392011945},"GFb2B.":{"patrol":5.04810022845,"escape":5.617356322060639},"GWb2B.":{"escape":-15.367517643745032,"patrol":-17.918040381928556},"GNe2B.":{"escape":-8.69526768140625,"patrol":-8.73158915625},"GNb2B.":{"patrol":-24.945210189709844,"escape":-24.93554139965864},"GNb2BS":{"patrol":-24.015479659717105,"escape":-23.97609163246545,"farm":-23.844479435628255},"GNe2BS":{"patrol":-12.578223229279866,"escape":-24.441946869290515,"farm":-24.43226476592912},"GWe2.S":{"farm":-1.6795297114397214,"patrol":-10.650554346758092,"escape":-9.837025640146946},"GNe2.S":{"patrol":-16.934977942080035,"escape":-24.68254424433572,"farm":-23.550225021253407},"GWe2BS":{"patrol":-15.160523620557079,"escape":-10.313495613756366,"farm":-15.025745439801993},"GFe2.S":{"patrol":-22.890596286115603,"escape":-22.703609192178703,"farm":-12.555357394766352},"GNs2.S":{"escape":4.159000562659969,"patrol":1.3500000000000005,"farm":4.926960112994699},"GNs2BS":{"patrol":-15.059839955182579,"farm":-13.896906712172624,"escape":-9.305350776053869},"GWb2BS":{"patrol":-23.67478386863675,"escape":-23.69436521185313,"farm":-23.84050339773004},"GWs2BS":{"patrol":-8.261435911087977,"farm":-9.235959939064802,"escape":-6.647695559854551},"G0-0BS":{"escape":-1.9990226589467206,"patrol":-6.0753650208824,"farm":-3.579532769503869},"GWs1BS":{"escape":-1.998580443765206,"farm":-2.684047853947138,"patrol":-0.26320206786231254},"GFe2BS":{"patrol":-6.008415418263098,"escape":-6.588208957844572,"farm":-11.096199543493098},"GFs1B.":{"patrol":4.307113125000001},"GWb2.S":{"patrol":-0.6855917278003156,"escape":-1.1347123692497072,"farm":-2.5358740951277228},"GNb2.S":{"farm":-24.98549795961129,"patrol":-24.98521462875149,"escape":-10.496775630801602},"GNs1BS":{"patrol":5.336524726502363},"GFs2BS":{"patrol":5.695394379380965,"escape":4.850755246016276},"GFe1.S":{"patrol":5.112,"escape":4.767644227502061,"farm":4.996340884033619},"GWe1.S":{"patrol":5.112,"escape":5.016391220143509},"GFb2BS":{"patrol":-13.655129951960566,"escape":-13.7930344873856,"farm":-0.7140838197847614},"GFb1.S":{"patrol":4.71801083096067},"GFs1BS":{"escape":5.8959696375},"GFb2..":{"patrol":5.766388976767863}},"meta":{"decisions":6701,"eps":0.216}}